人口相关因素,Pearson系数,p值
人口,0.45506804463535533,0.022271300666011525
就业情况,0.9587861878720884,1.6589197278529855e-13
