科技相关因素,Pearson系数,p值
科技专利数量,0.9195112576633142,0.0033791199267697927
科研投入,0.9876479580658144,3.235346962986507e-05
高科技企业数量,0.9893193934972926,2.251407779057733e-05
